title,source,published,date
Ørsted shares rally after US court lifts block on key wind farm project,World,2026-01-13 09:12:29,2026-01-13
Venezuela Unrest: Impact on Oil Prices - Crisil Ratings - Rediff MoneyWiz,Rediff MoneyWiz,2026-01-13 09:06:48,2026-01-13
Trump announces 25% tariff on countries ‘doing business’ with Iran,World,2026-01-13 09:02:53,2026-01-13
Why Venezuela’s political crisis may not affect India’s economy or oil imports? - Zee Business,Zee Business,2026-01-13 09:00:46,2026-01-13
Global Oil Prices Rise as Tensions Escalate in Iran... - Jordan News,Jordan News,2026-01-13 08:42:32,2026-01-13
Cold Weather in China and Europe Tightens the LNG Spot Market - Crude Oil Prices Today | OilPrice.com,Crude Oil Prices Today | OilPrice.com,2026-01-13 08:30:00,2026-01-13
Cold Weather in China and Europe Tightens the LNG Spot Market,Oilprice.com,2026-01-13 08:30:00,2026-01-13
Venezuela crisis to have no impact on India: Crisil - Awaz The Voice,Awaz The Voice,2026-01-13 08:26:38,2026-01-13
Kuwait oil price up 62 cents to $60.17 pb - KPC - ZAWYA,ZAWYA,2026-01-13 08:26:03,2026-01-13
Natural Gas and Oil Forecast: Oil Buyers Return Above $60 While Gas Remains Range-Bound - FXEmpire,FXEmpire,2026-01-13 08:21:00,2026-01-13
Trump’s pick as Vietnam envoy sets sights on trade gap as Hanoi’s surplus with US tops China’s,Economic Indicators News,2026-01-13 08:06:52,2026-01-13
"UK house prices set to rise 1.5% in 2026, Scotland leads growth",Economic Indicators News,2026-01-13 07:56:35,2026-01-13
Yen tumbles and Japan stocks soar as election talk reignites ‘Takaichi trade’,World,2026-01-13 07:34:13,2026-01-13
Federal Judge Clears Orsted to Resume Work on Revolution Wind,Oilprice.com,2026-01-13 07:30:00,2026-01-13
Trump’s Venezuela Gambit Could Erode OPEC’s Clout in Oil Markets - Investing.com India,Investing.com India,2026-01-13 06:57:31,2026-01-13
Dutch inflation holds steady at 3.3% in 2025,Economic Indicators News,2026-01-13 06:57:26,2026-01-13
Oil prices surge in global markets - Azərtac,Azərtac,2026-01-13 06:53:00,2026-01-13
Oil prices continue to rise amid fears of supply disruptions from Iran - Українські Національні Новини,Українські Національні Новини,2026-01-13 06:48:21,2026-01-13
Do markets care about Fed independence?,World,2026-01-13 06:30:06,2026-01-13
Oil futures: Crude holds around 1-month highs on Iran uncertainty - Quantum Commodity Intelligence,Quantum Commodity Intelligence,2026-01-13 06:16:04,2026-01-13
President Donald Trump's obsession with oil in South America has been deeply ingrained in his head s.. - 매일경제,매일경제,2026-01-13 06:15:10,2026-01-13
Oil gains on geopolitics - Oil & Gas Middle East,Oil & Gas Middle East,2026-01-13 06:15:00,2026-01-13
HBZBZL Perspective On Oil Price Volatility - Block Telegraph,Block Telegraph,2026-01-13 06:13:13,2026-01-13
Canadian prime minister visits China after nearly a decade of tense relations,Economic Indicators News,2026-01-13 06:12:29,2026-01-13
Azeri Light crude oil price rises slightly on global markets - Report.az,Report.az,2026-01-13 06:07:27,2026-01-13
Crude Oil Futures Rise on Spot Demand - Rediff MoneyWiz,Rediff MoneyWiz,2026-01-13 06:05:57,2026-01-13
Greenland calls for ‘Nato framework’ protection from Trump’s threats,World,2026-01-13 06:00:07,2026-01-13
FirstFT: UBS chief Sergio Ermotti plans to step down in April 2027,World,2026-01-13 05:52:53,2026-01-13
"Oil prices climb toward $64 as Iran unrest, U.S. tariff warnings spark supply fears - Economy Middle East",Economy Middle East,2026-01-13 05:34:35,2026-01-13
Top US commander says China still exerting military pressure in Asia,World,2026-01-13 05:34:14,2026-01-13
Unrest in Iran Pushes Oil Prices Higher - Crude Oil Prices Today | OilPrice.com,Crude Oil Prices Today | OilPrice.com,2026-01-13 05:25:00,2026-01-13
Unrest in Iran Pushes Oil Prices Higher,Oilprice.com,2026-01-13 05:25:00,2026-01-13
Oil Prices Up - 12-01-26 - Armenpress,Armenpress,2026-01-13 05:06:00,2026-01-13
JPMorgan Chase is set to report fourth-quarter earnings – here's what the Street expects,Finance,2026-01-13 05:01:01,2026-01-13
Europe’s corporate powerbroker in Spain,World,2026-01-13 05:00:36,2026-01-13
Lawfare comes for the dollar,World,2026-01-13 05:00:36,2026-01-13
US defence companies’ generous buybacks make for an easy target,World,2026-01-13 05:00:36,2026-01-13
Understanding Iran: seven books that help explain the unrest,World,2026-01-13 05:00:28,2026-01-13
California’s billionaire tax plan will backfire,World,2026-01-13 05:00:28,2026-01-13
Openreach needs to make full fibre broadband work,World,2026-01-13 05:00:28,2026-01-13
"Job losses in European car parts sector top 100,000 in two years",World,2026-01-13 05:00:28,2026-01-13
"Trade between EU member states is slowing, data shows",World,2026-01-13 05:00:28,2026-01-13
First Brands creditors claim ‘two-man’ firm enabled founder’s brother’s fee windfall,World,2026-01-13 05:00:19,2026-01-13
ADHD patients stripped of NHS prescriptions under crackdown,World,2026-01-13 05:00:19,2026-01-13
How the west fell behind in the green tech race,World,2026-01-13 05:00:19,2026-01-13
Microsoft warns that China is winning AI race outside the west,World,2026-01-13 05:00:19,2026-01-13
Local brands weaken European luxury groups’ grip in US and China,World,2026-01-13 05:00:19,2026-01-13
US businesses hit by anti-Indian backlash as Trump restricts foreign labour,World,2026-01-13 05:00:19,2026-01-13
Baillie Gifford’s move to Foster-designed HQ delayed again,World,2026-01-13 05:00:18,2026-01-13
Mandarin Oriental Milan: a serene gateway to the city’s buzz,World,2026-01-13 05:00:08,2026-01-13
How the UK ended up building the world’s most expensive railway,World,2026-01-13 05:00:07,2026-01-13
Four Seasons Hotel Milano: from cloisters to luxury with character,World,2026-01-13 05:00:07,2026-01-13
Crude Futures Settle Higher - bernama,bernama,2026-01-13 04:44:33,2026-01-13
Oil Prices Steady Near $60: What It Means for Investors and Businesses Amid Geopolitical Tensions - omanet.om,omanet.om,2026-01-13 04:40:22,2026-01-13
"Trump weighs response to Iran crackdown, Tehran says communication open with US",Economic Indicators News,2026-01-13 04:36:25,2026-01-13
Oil Prices Jump on Iran Exports Worries - Business Post Nigeria,Business Post Nigeria,2026-01-13 04:27:20,2026-01-13
Oil prices gain on Iran supply disruption concerns - Business Recorder,Business Recorder,2026-01-13 02:59:18,2026-01-13
Brent crude oil is reaching our expected target- Analysis- 13-01-2026 - Economies.com,Economies.com,2026-01-13 02:48:00,2026-01-13
Oil rises as geopolitics clash with new supply; Iran tensions vs. Venezuela exports - investingLive,investingLive,2026-01-13 02:11:10,2026-01-13
Oil extends climb on Iran supply disruption concerns - Global Banking & Finance Review,Global Banking & Finance Review,2026-01-13 02:00:15,2026-01-13
Lynas CEO Amanda Lacaze to Retire After 12 Years at Helm - Crude Oil Prices Today | OilPrice.com,Crude Oil Prices Today | OilPrice.com,2026-01-13 01:47:17,2026-01-13
Oil prices settle at 7-week high on worries about Iran exports - Reuters,Reuters,2026-01-13 01:42:00,2026-01-13
Oil prices edge higher as Trump vows tariffs on Iranian crude buyers - CNBC TV18,CNBC TV18,2026-01-13 01:33:33,2026-01-13
Trump’s Plans for Venezuelan Oil Run Headlong Into Reality - The New York Times,The New York Times,2026-01-13 01:15:14,2026-01-13
Australia consumer sentiment slips further in Jan on RBA rate worries - Westpac,Economic Indicators News,2026-01-13 01:12:26,2026-01-13
Brent Rises After Trump Imposes Tariffs on Iran’s Partners - TradingView — Track All Markets,TradingView — Track All Markets,2026-01-13 01:04:00,2026-01-13
Why Oil Majors Are Hesitant to Invest in Post-Maduro Venezuela - Crude Oil Prices Today | OilPrice.com,Crude Oil Prices Today | OilPrice.com,2026-01-13 01:00:00,2026-01-13
Why Oil Majors Are Hesitant to Invest in Post-Maduro Venezuela,Oilprice.com,2026-01-13 01:00:00,2026-01-13
What’s at stake for oil prices if Iran crisis escalates - The Straits Times,The Straits Times,2026-01-13 00:33:00,2026-01-13
Republican Sen. Thom Tillis vows to block Trump's Fed nominees following Powell probe,Finance,2026-01-13 00:32:08,2026-01-13
"UBS cuts 2026 oil price forecast, sees US$60 bottom before second-half recovery - Market Index",Market Index,2026-01-13 00:28:47,2026-01-13
Where The Middle East's Next 20 Billion Barrels Are Coming From - Crude Oil Prices Today | OilPrice.com,Crude Oil Prices Today | OilPrice.com,2026-01-13 00:00:00,2026-01-13
Where The Middle East’s Next 20 Billion Barrels Are Coming From,Oilprice.com,2026-01-13 00:00:00,2026-01-13
Australia consumer sentiment stuck in the doldrums amid rate jitters,Economic Indicators News,2026-01-12 23:54:48,2026-01-12
Why oil prices could rise as U.S.-Iran tensions swell - MarketWatch,MarketWatch,2026-01-12 23:02:00,2026-01-12
Cheap Oil Is Double-Edged Sword for Trump - Crude Oil Prices Today | OilPrice.com,Crude Oil Prices Today | OilPrice.com,2026-01-12 23:00:00,2026-01-12
Cheap Oil Is Double-Edged Sword for Trump,Oilprice.com,2026-01-12 23:00:00,2026-01-12
US allows Mexico to provide oil to Cuba despite Trump’s vow to cut off supply: Report - Fox Business,Fox Business,2026-01-12 22:34:56,2026-01-12
Trump's Venezuela Gambit Could Erode OPEC's Clout in Oil Markets - Crude Oil Prices Today | OilPrice.com,Crude Oil Prices Today | OilPrice.com,2026-01-12 22:00:00,2026-01-12
Trump’s Venezuela Gambit Could Erode OPEC’s Clout in Oil Markets,Oilprice.com,2026-01-12 22:00:00,2026-01-12
Oil prices hold near five-week high - The Express Tribune,The Express Tribune,2026-01-12 21:38:23,2026-01-12
US Interior Secretary Burgum Forecasts Historic Decline in OPEC's Market Influence - scanx.trade,scanx.trade,2026-01-12 21:38:22,2026-01-12
JPMorgan's looming question: What happens when CEO Jamie Dimon leaves?,Finance,2026-01-12 21:25:37,2026-01-12
"Trump's credit card rate cap plan has unclear path, 'devastating' risks, bank insiders say",Finance,2026-01-12 21:06:22,2026-01-12
"Why Europe's Reliance on China Is a Policy Choice, Not a Resource Problem - Crude Oil Prices Today | OilPrice.com",Crude Oil Prices Today | OilPrice.com,2026-01-12 21:00:00,2026-01-12
"Why Europe’s Reliance on China Is a Policy Choice, Not a Resource Problem",Oilprice.com,2026-01-12 21:00:00,2026-01-12
Trump targets credit card rates. What’s at stake for Capital One and other banks,Finance,2026-01-12 20:49:00,2026-01-12
BHP Expected to Wait Out Rio Glencore Deal Talks as Copper M&A Heats Up,Oilprice.com,2026-01-12 20:30:00,2026-01-12
BHP Expected to Wait Out Rio Glencore Deal Talks as Copper M&A Heats Up - Crude Oil Prices Today | OilPrice.com,Crude Oil Prices Today | OilPrice.com,2026-01-12 20:30:00,2026-01-12
"West of Suez: LSGO backwardation flattens, crude drifts lower - Quantum Commodity Intelligence",Quantum Commodity Intelligence,2026-01-12 20:29:39,2026-01-12
Crude Oil Prices Climb on Dollar Weakness and Supply Risks - TradingView — Track All Markets,TradingView — Track All Markets,2026-01-12 20:18:33,2026-01-12
Managed Rivalry or Strategic Reset Between China and the U.S.?,Oilprice.com,2026-01-12 20:00:00,2026-01-12
Italian steel plant demands €7bn in damages from ArcelorMittal,Commodities,2026-01-12 19:44:39,2026-01-12
U.S. allows Mexico to provide oil to Cuba despite Trump's vow to cut off supply - CBS News,CBS News,2026-01-12 19:35:06,2026-01-12
Germany Seals $9.6B TenneT Deal to Ease Power Grid Bottlenecks,Oilprice.com,2026-01-12 19:30:00,2026-01-12
"Supertankers heading to Venezuela for China crude make U-turn amid US sanctions, shipping data reveals - Firstpost",Firstpost,2026-01-12 19:17:52,2026-01-12
Goldman Sachs Sees Oil Prices Sliding in 2026 as Global Supply Glut Builds - Fort Worth Inc.,Fort Worth Inc.,2026-01-12 19:14:21,2026-01-12
Chinese supertankers turn away from Venezuelan shores amid US oil embargo - Українські Національні Новини,Українські Національні Новини,2026-01-12 19:04:25,2026-01-12
The Rise of Smash-and-Grab Diplomacy in a World of Resource Scarcity,Oilprice.com,2026-01-12 19:00:00,2026-01-12
"Natural Gas, WTI Oil, Brent Oil Forecasts – Oil Gains Ground Amid Iran Protests - FXEmpire",FXEmpire,2026-01-12 18:46:00,2026-01-12
"Gulf Stocks Mixed, Oil Steady as Powell Probe Rattles Fed Independence - Crude Oil Prices Today | OilPrice.com",Crude Oil Prices Today | OilPrice.com,2026-01-12 18:05:00,2026-01-12
"Gulf Stocks Mixed, Oil Steady as Powell Probe Rattles Fed Independence",Oilprice.com,2026-01-12 18:05:00,2026-01-12
Trump’s Escalating Feud With Jerome Powell Shakes Currency and Gold Markets,Oilprice.com,2026-01-12 18:00:00,2026-01-12
What Trump's oil gamble in Venezuela could mean for OPEC - The New Arab,The New Arab,2026-01-12 17:53:46,2026-01-12
Trump says he’ll unleash Venezuela’s oil. But who wants it? - People's World,People's World,2026-01-12 17:52:45,2026-01-12
"Upstream Operators Adjust Strategies as Oil Moderates, Gas Supports - TradingView — Track All Markets",TradingView — Track All Markets,2026-01-12 17:48:00,2026-01-12
"Indonesia Inaugurates $7.4-Billion Upgraded Refinery, Its Largest - Crude Oil Prices Today | OilPrice.com",Crude Oil Prices Today | OilPrice.com,2026-01-12 17:30:00,2026-01-12
"Indonesia Inaugurates $7.4-Billion Upgraded Refinery, Its Largest",Oilprice.com,2026-01-12 17:30:00,2026-01-12
Gold hits record high and dollar weakens on Fed independence worries,Commodities,2026-01-12 17:26:44,2026-01-12
In charts: why Rio Tinto and Glencore are in talks about a megamerger,Commodities,2026-01-12 17:26:03,2026-01-12
Iraq’s Strategic Pivot: Reshaping Middle Eastern Energy Geopolitics - discoveryalert.com.au,discoveryalert.com.au,2026-01-12 16:53:00,2026-01-12
"Oil dips as investors assess Iran supply, Venezuelan export resumption - Oil & Gas 360",Oil & Gas 360,2026-01-12 16:43:22,2026-01-12
Vitol and Trafigura Secure U.S. Licenses to Trade Venezuelan Oil - Crude Oil Prices Today | OilPrice.com,Crude Oil Prices Today | OilPrice.com,2026-01-12 16:30:00,2026-01-12
"Yellen says Powell probe 'extremely chilling' for Fed independence, market should be concerned",Finance,2026-01-12 16:27:31,2026-01-12
Pentagon invests $150mn in US gallium company to secure strategic supplies,Commodities,2026-01-12 16:27:05,2026-01-12
Is Iraq About to Make Its Biggest Geopolitical Pivot in Years - Crude Oil Prices Today | OilPrice.com,Crude Oil Prices Today | OilPrice.com,2026-01-12 16:00:00,2026-01-12
"UK inflation expectations weakened in December, Citi/YouGov survey shows",Economic Indicators News,2026-01-12 15:48:48,2026-01-12
Crude Oil Price Outlook – Crude Oil Continues to See Overhead Resistance - FXEmpire,FXEmpire,2026-01-12 15:35:00,2026-01-12
Azerbaijan Ramps Up Natural Gas Production - Crude Oil Prices Today | OilPrice.com,Crude Oil Prices Today | OilPrice.com,2026-01-12 15:30:00,2026-01-12
German business lobby raises alarm over highest number of bankruptcies in 11 years,Economic Indicators News,2026-01-12 14:30:56,2026-01-12
Iran says protests 'under control' as crude prices off highs - Quantum Commodity Intelligence,Quantum Commodity Intelligence,2026-01-12 14:30:06,2026-01-12
Trade of the week: short Brent crude oil - ig.com,ig.com,2026-01-12 14:12:18,2026-01-12
Benin Offshore Oil Production Resumes After Three Decades - Crude Oil Prices Today | OilPrice.com,Crude Oil Prices Today | OilPrice.com,2026-01-12 14:00:00,2026-01-12
Oil Prices Dip Despite Geopolitical Risks. Why Goldman Sachs Says They Will Keep Falling. - Barron's,Barron's,2026-01-12 13:40:00,2026-01-12
"Crude Oil Price Today: Brent dips, oil stocks wobble as Iran and Venezuela headlines hit - TechStock²",TechStock²,2026-01-12 13:19:40,2026-01-12
Global Oil Trading Faces Critical Market Disruption in Brussels 2026 - Brussels Morning,Brussels Morning,2026-01-12 13:15:42,2026-01-12
"DOJ probe into Fed chair Powell is 'Maduro' warning from Trump, analyst says",Finance,2026-01-12 13:07:45,2026-01-12
China Welcomes EU Guidance on Minimum EV Prices After Tariff Dispute - Crude Oil Prices Today | OilPrice.com,Crude Oil Prices Today | OilPrice.com,2026-01-12 13:00:00,2026-01-12
Iraq holds oil output steady despite OPEC downturn - Shafaq News - شفق نيوز,شفق نيوز,2026-01-12 12:50:52,2026-01-12
Why Oil Prices Are Tuning Out the Turmoil in Iran and Venezuela - Bloomberg.com,Bloomberg.com,2026-01-12 12:24:40,2026-01-12
Egypt Announces Oil and Gas Discoveries in Western Desert - Crude Oil Prices Today | OilPrice.com,Crude Oil Prices Today | OilPrice.com,2026-01-12 12:00:00,2026-01-12
"Vitol, Trafigura offer Venezuelan oil to Indian, Chinese refiners for March delivery, sources say - ET EnergyWorld",ET EnergyWorld,2026-01-12 11:54:18,2026-01-12
Goldman Sachs predicts oil price to fall to $54 per barrel in 2026 - LIGA.net,LIGA.net,2026-01-12 11:43:27,2026-01-12
China’s 2025 record export surge expected to slow in December - Reuters poll,Economic Indicators News,2026-01-12 11:12:50,2026-01-12
Forecast update for brent crude oil -12-01-2026 - Economies.com,Economies.com,2026-01-12 11:01:00,2026-01-12
US frackers were already facing a global oil supply glut. Trump’s Venezuelan dream could make it worse - The Guardian,The Guardian,2026-01-12 11:00:00,2026-01-12
Exploring Global Edible Oil Export-Import Data 2025: List of Top Edible Oil Exporters & Importers - TradeImeX,TradeImeX,2026-01-12 10:31:32,2026-01-12
Trump's War on Wind Power Is Raising Costs Around the World - Crude Oil Prices Today | OilPrice.com,Crude Oil Prices Today | OilPrice.com,2026-01-12 10:30:00,2026-01-12
OPEC Receives Updated Compensation Plans from 4 Countries - Rigzone,Rigzone,2026-01-12 09:53:00,2026-01-12
"Oil prices set to drift lower in 2026 amid surplus, Goldman says - Quantum Commodity Intelligence",Quantum Commodity Intelligence,2026-01-12 09:30:13,2026-01-12
U.S. Pushes for Reducing Rare Earth Dependence on China - Crude Oil Prices Today | OilPrice.com,Crude Oil Prices Today | OilPrice.com,2026-01-12 09:00:00,2026-01-12
"Oil prices rise on Fed policy expectations, Latin America supply concerns - Anadolu Ajansı",Anadolu Ajansı,2026-01-12 07:44:50,2026-01-12
OPEC Oil Output December 2026 Production Forecast and Constraints - discoveryalert.com.au,discoveryalert.com.au,2026-01-12 07:43:31,2026-01-12
Oil Prices Soar on Global Marketts - Caspian Post,Caspian Post,2026-01-12 07:36:00,2026-01-12
Natural Gas and Oil Forecast: WTI & Brent Rebound on Breakouts Despite 2026 Oversupply Fears - FXEmpire,FXEmpire,2026-01-12 07:16:00,2026-01-12
US Targets Venezuela: Analyst: Rise in Venezuelan oil production and output will be a challenge for OPEC - news.cgtn.com,news.cgtn.com,2026-01-12 07:01:52,2026-01-12
Goldman Sachs Says WTI Could Drop to $50 - Crude Oil Prices Today | OilPrice.com,Crude Oil Prices Today | OilPrice.com,2026-01-12 06:55:00,2026-01-12
Crude Oil Futures Fall on Weak Global Cues - Rediff MoneyWiz,Rediff MoneyWiz,2026-01-12 06:26:11,2026-01-12
UPSC Editorial Analysis: The Resurgence of Oil Geopolitics - INSIGHTS IAS,INSIGHTS IAS,2026-01-12 06:14:04,2026-01-12
Oil set to weaken as surplus builds despite geopolitical risks: Goldman - Gulf Business,Gulf Business,2026-01-12 06:12:16,2026-01-12
"China's AI and robotics push isn't enough to kickstart its economy, leaving growth more exposed to trade risks",Finance,2026-01-12 05:33:07,2026-01-12
Trump’s Venezuelan Gambit: Reordering Oil Geopolitics - RealClearEnergy,RealClearEnergy,2026-01-12 05:16:52,2026-01-12
Goldman projects lower oil prices in 2026 as supply swells - Reuters,Reuters,2026-01-12 04:51:18,2026-01-12
"OPEC oil output falls in December on Iran and Venezuela, Reuters survey finds - Reuters",Reuters,2026-01-12 04:42:03,2026-01-12
The Trump administration threatens the Fed with a criminal cudgel,Finance & economics,2026-01-12 04:34:13,2026-01-12
Brent crude oil is declining within fluctuating trading- Analysis- 12-01-2026 - Economies.com,Economies.com,2026-01-12 02:48:00,2026-01-12
Trump threatens to block Exxon from Venezuela,Commodities,2026-01-12 02:18:41,2026-01-12
"Oil climbs, intensifying unrest in Iran spark supply concerns - The Economic Times",The Economic Times,2026-01-12 01:58:49,2026-01-12
Trump Cuts Off Cuban Oil Supply Amid Crisis - Evrim Ağacı,Evrim Ağacı,2026-01-12 01:10:40,2026-01-12
"Oil climbs, intensifying unrest in Iran spark supply concerns - CNBC TV18",CNBC TV18,2026-01-12 01:03:31,2026-01-12
OPEC+: Alliance of Eight Countries Slows Oil Production Until Spring 2026 - Vindobona.org,Vindobona.org,2026-01-12 00:49:44,2026-01-12
Oil prices rise as Iran crackdown suggests Tehran fears a 'dire security threat to the regime' - Fortune,Fortune,2026-01-12 00:32:00,2026-01-12
Global Upstream Capex Set To Fall Again In 2026 Amid Low Oil Prices - Yahoo Finance,Yahoo Finance,2026-01-12 00:00:00,2026-01-12
Global Upstream Capex Set To Fall Again In 2026 Amid Low Oil Prices - Crude Oil Prices Today | OilPrice.com,Crude Oil Prices Today | OilPrice.com,2026-01-12 00:00:00,2026-01-12
China's Metals Markets Surge on Bullish Outlooks - Crude Oil Prices Today | OilPrice.com,Crude Oil Prices Today | OilPrice.com,2026-01-11 22:00:00,2026-01-11
Geopolitics redraws the trade map - Bangkok Post,Bangkok Post,2026-01-11 21:54:00,2026-01-11
Iran's Oil Output Faces a New Test After Venezuela - Crude Oil Prices Today | OilPrice.com,Crude Oil Prices Today | OilPrice.com,2026-01-11 20:00:00,2026-01-11
‘U.S. vs Iran’: What would it mean for the world economy? - WION,WION,2026-01-11 18:37:00,2026-01-11
Donald Trump vows to cut off Cuba’s oil supply from Venezuela - Financial Times,Financial Times,2026-01-11 17:44:06,2026-01-11
Pessimism is the world’s main economic problem,Finance & economics,2026-01-11 17:41:22,2026-01-11
Cuba’s economy in jeopardy as Trump cuts off Venezuelan oil supply - WISH-TV,WISH-TV,2026-01-11 16:18:00,2026-01-11
Somalia Bets on Solar and Wind as Power Demand Grows - Crude Oil Prices Today | OilPrice.com,Crude Oil Prices Today | OilPrice.com,2026-01-11 16:00:00,2026-01-11
China’s Oil and Gas Drilling Program Improvements Are Now Capable of Impacting Markets - Energy News Beat,Energy News Beat,2026-01-11 15:01:43,2026-01-11
Trump threatens to cut oil supply to Cuba; suggests US deal ‘before it’s too late’ - BusinessLine,BusinessLine,2026-01-11 14:08:41,2026-01-11
Lawmakers are preparing to try again on major crypto bill. Why it matters and what happens next,Finance,2026-01-11 13:17:05,2026-01-11
U.S. vs. Iran: How a war could affect global oil prices - WION,WION,2026-01-11 10:23:00,2026-01-11
OPEC faces new challenges if Venezuelan oil production rises: analyst - bastillepost.com,bastillepost.com,2026-01-11 09:27:00,2026-01-11
"How Trump’s Venezuela oil grab could test OPEC’s power, Mideast energy models - AL-Monitor",AL-Monitor,2026-01-11 08:27:49,2026-01-11
"Trump wants Venezuela’s oil. But China, its biggest buyer, is already moving on - Moneycontrol",Moneycontrol,2026-01-11 07:30:50,2026-01-11
Trump’s oil grab is a big problem for the Opec cartel | Mint - Mint,Mint,2026-01-11 06:03:51,2026-01-11
Indian oil refiners see opportunity in Trump’s Venezuela action,Commodities,2026-01-11 05:00:02,2026-01-11
Oil market dynamics: Factors that will drive prices in 2026 - The Economic Times,The Economic Times,2026-01-11 04:20:04,2026-01-11
Are Crude Oil Markets Currently Showing Bullish Trends? - Bitget,Bitget,2026-01-11 03:36:10,2026-01-11
Trump’s Oil Grab Is a Big Problem for the OPEC Cartel - The Wall Street Journal,The Wall Street Journal,2026-01-11 02:00:00,2026-01-11
"US could ease sanctions on Venezuela next week, says Bessent",Commodities,2026-01-11 00:13:37,2026-01-11
China's Gas Growth Casts a Shadow over LNG Demand - Crude Oil Prices Today | OilPrice.com,Crude Oil Prices Today | OilPrice.com,2026-01-11 00:00:00,2026-01-11
Why the U.S. and China Are Taking Opposite Sides in the Energy Transition - Crude Oil Prices Today | OilPrice.com,Crude Oil Prices Today | OilPrice.com,2026-01-10 22:00:00,2026-01-10
Tidal Energy Emerges as a Grid-Stabilizing Force - Crude Oil Prices Today | OilPrice.com,Crude Oil Prices Today | OilPrice.com,2026-01-10 18:00:00,2026-01-10
Why Russia’s economy is unlikely to collapse even if oil prices fall - The Guardian,The Guardian,2026-01-10 16:00:00,2026-01-10
Crude Check: Bulls See An Opening - BusinessLine,BusinessLine,2026-01-10 15:55:28,2026-01-10
"How BlackRock, world's largest asset manager, is fine-tuning market portfolios for 2026",Finance,2026-01-10 15:07:23,2026-01-10
What if Iran blocks the Strait of Hormuz? Understanding its impact on global markets - WION,WION,2026-01-10 12:41:00,2026-01-10
Shifting away from Russian oil imports currently won’t hurt India fiscally - The Hindu,The Hindu,2026-01-10 11:09:00,2026-01-10
Venezuela’s economy between oil rents and geopolitical pressure - مركز الروابط للدراسات الاستراتيجية والسياسية,مركز الروابط للدراسات الاستراتيجية والسياسية,2026-01-10 10:41:28,2026-01-10
Trump whipsaws markets,Commodities,2026-01-10 10:30:05,2026-01-10
Can Venezuela settle its debts?,Commodities,2026-01-10 04:00:01,2026-01-10
US oil giant ExxonMobil tells Trump Venezuela is ‘uninvestable’,Commodities,2026-01-09 23:46:17,2026-01-09
Oil benchmarks: Why crude prices aren’t one-size-fits-all - Britannica,Britannica,2026-01-09 20:55:42,2026-01-09
"High costs, falling returns: what could go wrong for Trump’s Venezuela oil gamble? - The Guardian",The Guardian,2026-01-09 20:24:00,2026-01-09
"Crude Oil Soars Amid Geopolitical Risks, U.S. Inventory Data, OPEC Output Increase Pause - Nasdaq",Nasdaq,2026-01-09 19:54:00,2026-01-09
"Venezuela oil meeting as it happened: Exxon tells Trump Venezuela ‘uninvestable’ without big changes, Chevron says Venezuela output can increase 50% in next 18 to 24 months",Commodities,2026-01-09 19:00:55,2026-01-09
"Brent Crude Oil Technical Analysis Report 9 January, 2026 - FinanceFeeds",FinanceFeeds,2026-01-09 18:49:34,2026-01-09
Supply losses in Iran and Venezuela drag OPEC output lower in December - Baird Maritime,Baird Maritime,2026-01-09 18:40:22,2026-01-09
Drone Attacks in Russia Spark Decline in Opec-Plus Output - Energy Intelligence,Energy Intelligence,2026-01-09 18:08:54,2026-01-09
Rio-Glencore talks highlight ‘bigger is better’ mining mantra,Commodities,2026-01-09 17:26:50,2026-01-09
Trump to meet oil executives over $100bn Venezuela investment,Commodities,2026-01-09 16:39:58,2026-01-09
Venezuelan currency plunges as economy choked by US blockade,Commodities,2026-01-09 16:35:47,2026-01-09
Brent Crude Oil Climbs Past $64 - TradingView — Track All Markets,TradingView — Track All Markets,2026-01-09 16:15:31,2026-01-09
Trump will use other tariff authorities to get to 'same place' if Supreme Court rules against him: Hassett,Finance,2026-01-09 16:14:42,2026-01-09
Oil Prices Rise as Protests in Iran Escalate - Crude Oil Prices Today | OilPrice.com,Crude Oil Prices Today | OilPrice.com,2026-01-09 15:30:00,2026-01-09
Oil climbs 1% with geopolitics in focus - breakingthenews.net,breakingthenews.net,2026-01-09 15:03:00,2026-01-09
Geopolitics and inventories lift oil prices despite oversupply concerns - Anadolu Ajansı,Anadolu Ajansı,2026-01-09 12:12:24,2026-01-09
Forecast update for brent crude oil -09-01-2026 - Economies.com,Economies.com,2026-01-09 12:11:00,2026-01-09
What lies behind Trump’s retro oil plundering?,Commodities,2026-01-09 12:00:12,2026-01-09
BlackRock predicts major shift in retail investors' access to cryptocurrencies,Finance,2026-01-09 12:00:01,2026-01-09
How Chevron ended up at the heart of Trump’s Venezuela gambit,Commodities,2026-01-09 11:00:10,2026-01-09
Trump wants oil prices to hit $50 a barrel. The math doesn't work for the US oil industry. - Yahoo Finance,Yahoo Finance,2026-01-09 10:48:44,2026-01-09
Gold and silver under scrutiny as index changes spark wave of bullion sales,Commodities,2026-01-09 10:26:44,2026-01-09
Glencore and Rio Tinto resume talks on $260bn mining megadeal,Commodities,2026-01-09 08:07:30,2026-01-09
"Saudi to cut February crude oil supply to China, sources say - ZAWYA",ZAWYA,2026-01-09 07:53:29,2026-01-09
Hopes rise for Chinese property support ahead of key March meeting,Finance,2026-01-09 06:44:40,2026-01-09
oil extends rebound as geopolitics in venezuela and iran lift prices - Shafaq News - شفق نيوز,شفق نيوز,2026-01-09 05:38:31,2026-01-09
Wall Street scouts for investment wins in post-Maduro Venezuela,Commodities,2026-01-09 05:00:20,2026-01-09
The new era of resource imperialism,Commodities,2026-01-09 05:00:20,2026-01-09
Shale chiefs warn Trump that Venezuelan oil will hobble US drillers,Commodities,2026-01-09 05:00:20,2026-01-09
How Russia’s Venezuelan oil gambit went awry,Commodities,2026-01-09 05:00:20,2026-01-09
Brent crude oil is breaching main bearish trend line- Analysis- 09-01-2026 - Economies.com,Economies.com,2026-01-09 03:02:00,2026-01-09
Oil Prices Climb as Geopolitical Risk Rises Rapidly - Crude Oil Prices Today | OilPrice.com,Crude Oil Prices Today | OilPrice.com,2026-01-09 01:35:56,2026-01-09
Fuel price cuts likely amid ample supply - Inquirer.net,Inquirer.net,2026-01-09 01:12:00,2026-01-09
"Stocks mixed, yields rise ahead of US jobs data; defense shares climb - Reuters",Reuters,2026-01-08 23:49:32,2026-01-08
"Brent crude oil surged by 5% at one point, hitting a two-week high, amid concerns over Venezuela's situation and supply risks. - 富途牛牛",富途牛牛,2026-01-08 23:46:45,2026-01-08
How Trump’s control over Venezuela’s oil gets him close to a seat at OPEC’s table - MarketWatch,MarketWatch,2026-01-08 22:03:00,2026-01-08
Venezuela attack and the geopolitics of oil control - Inquirer.net,Inquirer.net,2026-01-08 21:08:00,2026-01-08
"Why Trump is going after institutional homebuyers: They dominate markets like Atlanta, Jacksonville",Finance,2026-01-08 20:40:06,2026-01-08
Survey Shows OPEC Held Supply Flat Last Month - Rigzone,Rigzone,2026-01-08 20:00:00,2026-01-08
U.S. Push Into Venezuela Oil Patch Raises Questions About OPEC Dynamic - The Wall Street Journal,The Wall Street Journal,2026-01-08 17:52:00,2026-01-08
Greenland-linked stocks jump amid Trump takeover threats,Commodities,2026-01-08 17:39:50,2026-01-08
Moscow says US seizure of Russian tanker risks military escalation at sea,Commodities,2026-01-08 15:59:17,2026-01-08
Venezuela actively co-operating with US on plans to export oil,Commodities,2026-01-08 15:31:05,2026-01-08
"Oil rebounds, stocks ease on geopolitics, US data - Oman Observer",Oman Observer,2026-01-08 15:17:41,2026-01-08
"Europe Defence Stocks Hit Record as Geopolitics Fuel Oil, Dollar - Whalesbook",Whalesbook,2026-01-08 13:51:51,2026-01-08
"European defence stocks hit record as geopolitics lift dollar, oil - Business Standard",Business Standard,2026-01-08 13:16:01,2026-01-08
What “Pluribus” reveals about economics,Finance & economics,2026-01-08 11:56:32,2026-01-08
"Oil prices recover, stocks wobble as investors weigh geopolitics, US data - WTAQ",WTAQ,2026-01-08 11:50:26,2026-01-08
Forecast update for brent crude oil -08-01-2026 - Economies.com,Economies.com,2026-01-08 10:49:00,2026-01-08
Why Oil Still Shapes US Geopolitics In An Era of Record Production - NDTV,NDTV,2026-01-08 10:45:34,2026-01-08
Vietnam’s growth is fast—but fragile,Finance & economics,2026-01-08 10:30:05,2026-01-08
Why Europe’s biggest pension funds are dumping government bonds,Finance & economics,2026-01-08 10:27:47,2026-01-08
"Oil Holds, Stocks Dip Amid Geopolitics and U.S. Jobs Data - Modern Diplomacy",Modern Diplomacy,2026-01-08 09:00:00,2026-01-08
"Risk Tone Softens, Oil Slips and Geopolitics Linger - Action Forex",Action Forex,2026-01-08 08:25:28,2026-01-08
What resources does Venezuela have — apart from the world’s most oil? - Al Jazeera,Al Jazeera,2026-01-08 06:12:32,2026-01-08
"Oil prices recover, stocks wobble as investors weigh geopolitics, US data By Reuters - Investing.com",Investing.com,2026-01-08 02:26:46,2026-01-08
"Oil prices recover, stocks wobble as investors weigh geopolitics, US data - TradingView — Track All Markets",TradingView — Track All Markets,2026-01-08 02:06:00,2026-01-08
JPMorgan Chase reaches deal to become Apple Card issuer as Goldman closes chapter on consumer foray,Finance,2026-01-07 23:53:48,2026-01-07
Venezuela’s astoundingly messy debts are about to get messier,Finance & economics,2026-01-07 19:36:40,2026-01-07
Venezuela’s End: The Oil Question - Zeihan on Geopolitics,Zeihan on Geopolitics,2026-01-07 17:58:09,2026-01-07
JPMorgan's asset management will no longer use controversial proxy advisors for shareholder votes,Finance,2026-01-07 15:43:57,2026-01-07
"Ryan Cohen could be in for a big payday, but he has to grow meme darling GameStop to $100 billion",Finance,2026-01-07 14:12:57,2026-01-07
What the US strike on Venezuela could mean for global oil prices - The Conversation,The Conversation,2026-01-07 13:22:36,2026-01-07
Is it better to rent or buy?,Finance & economics,2026-01-07 12:42:46,2026-01-07
Trump’s Maduro Move: Geopolitics Has Returned to Energy Markets - The Daily Economy,The Daily Economy,2026-01-07 11:15:00,2026-01-07
Crude Oil Outlook: Supply Risks vs Geopolitics - FOREX.com,FOREX.com,2026-01-07 10:26:05,2026-01-07
"Venezuela ‘turning over’ $2bn in oil to US, Trump says, in move that could cut supply to China - The Guardian",The Guardian,2026-01-07 00:16:00,2026-01-07
"Venezuela could be sitting on a big Bitcoin stash, experts say. Here's what could happen next",Finance,2026-01-06 22:18:49,2026-01-06
Oil Geopolitics Return as Energy Becomes Weapon Again - Deccan Herald,Deccan Herald,2026-01-06 19:57:18,2026-01-06
Venezuela bonds are the hottest trade on Wall Street this week. But there are big risks from here,Finance,2026-01-06 19:29:25,2026-01-06
America’s missing manufacturing renaissance,Finance & economics,2026-01-06 17:10:37,2026-01-06
"Brent crude oil to average below $65 per barrel in 2026, analysts expect - Bangladesh Sangbad Sangstha (BSS)",Bangladesh Sangbad Sangstha (BSS),2026-01-06 11:34:47,2026-01-06
Oil Prices Could Slip to $50 a Barrel by June - Crude Oil Prices Today | OilPrice.com,Crude Oil Prices Today | OilPrice.com,2026-01-06 11:00:00,2026-01-06
"What US control over Venezuela’s oil could mean for geopolitics, climate - Down To Earth",Down To Earth,2026-01-06 07:32:37,2026-01-06
"Oil Markets Calm, Geopolitics Not: What Venezuela Means For India - Business Today",Business Today,2026-01-06 04:13:30,2026-01-06
"The Commodities Feed: Geopolitical events have oil gyrating, gold rising - ING THINK economic and financial analysis | ING Think",ING THINK economic and financial analysis | ING Think,2026-01-06 01:23:23,2026-01-06
Four Geopolitical Flashpoints Energy Markets Cannot Ignore in 2026 - Crude Oil Prices Today | OilPrice.com,Crude Oil Prices Today | OilPrice.com,2026-01-06 01:00:00,2026-01-06
"Michael Burry's big play off the U.S.-Venezuela situation, which the investor has held for years",Finance,2026-01-05 19:06:03,2026-01-05
Special Report: US Operation Captures Maduro; Experts Debate Oil and Geopolitics - India Today - India Today,India Today,2026-01-05 17:16:52,2026-01-05
Experts Debate Geopolitics and Oil Market Fallout After US Intervention in Venezuela - India Today - India Today,India Today,2026-01-05 17:15:53,2026-01-05
Minneapolis Fed's Kashkari indicates interest rates don't need to be cut much more,Finance,2026-01-05 17:00:38,2026-01-05
U.S. stocks show little reaction to Trump's extraordinary Venezuela action. Why investors see a bull case,Finance,2026-01-05 16:49:50,2026-01-05
JPMorgan forms special advisory group to share some of bank's 'secret sauce' with clients,Finance,2026-01-05 15:56:57,2026-01-05
Crude oil prices fell in 2025 amid oversupply - U.S. Energy Information Administration (EIA) (.gov),U.S. Energy Information Administration (EIA) (.gov),2026-01-05 14:01:56,2026-01-05
Oil prices forecast to ease in 2026 under pressure from ample supply - Reuters,Reuters,2026-01-05 12:31:37,2026-01-05
U.S. Venezuela Oil Tension Explained | Fresh Questions For Global Oil & Energy Geopolitics - Business Today,Business Today,2026-01-05 12:19:36,2026-01-05
Brent Crude Oil Amidst Political Turmoil in Venezuela - TradingView — Track All Markets,TradingView — Track All Markets,2026-01-05 10:25:18,2026-01-05
Geopolitics To Oil Logistics: Mazagon Dock Flags Heavy-Crude Tanker Opportunity After US-Venezuela Attack - NDTV Profit,NDTV Profit,2026-01-05 10:03:06,2026-01-05
China decries U.S. action in Venezuela — even as it guards billions at stake,Finance,2026-01-05 09:52:22,2026-01-05
"Venezuela falls: Vast oil, growing OPEC Share, but trade with India shrinks - Forbes India",Forbes India,2026-01-05 08:17:07,2026-01-05
Geopolitics in 2026: Trump's big bets on defence & oil - WION,WION,2026-01-05 05:36:00,2026-01-05
"With Trump's capture of Venezuela, Indian geopolitics - and oil companies - will need to pivot - The Economic Times",The Economic Times,2026-01-04 17:37:04,2026-01-04
OPEC+ set to hold oil output as prices slide and geopolitics intensify - The Arab Weekly,The Arab Weekly,2026-01-04 13:50:13,2026-01-04
An American oil empire is a deeply flawed idea,Finance & economics,2026-01-04 12:38:53,2026-01-04
OPEC+ keeps oil output steady amid turmoil among members - Reuters,Reuters,2026-01-04 08:00:00,2026-01-04
Why OPEC countries are unlikely to hike oil output despite US plan to take over Venezuela’s oil - theweek.in,theweek.in,2026-01-04 08:00:00,2026-01-04
"US move on Venezuela seen as driven by oil, inflation and geopolitics - Nation Thailand",Nation Thailand,2026-01-04 07:35:00,2026-01-04
"January 4: Trump Press Conference on Venezuela Flags Oil, Geopolitics Risks - Meyka",Meyka,2026-01-04 06:04:29,2026-01-04
"After a bruising 2025, the Fed faces another slew of challenges in the year ahead",Finance,2026-01-03 14:37:41,2026-01-03
How Geopolitics Has Shaped India’s Crude Oil Basket - StudyIQ,StudyIQ,2026-01-03 08:00:00,2026-01-03
Venezuela President captured: What it means for global oil prices - WION,WION,2026-01-03 08:00:00,2026-01-03
Berkshire Hathaway shares dip as Warren Buffett exits and Greg Abel era begins,Finance,2026-01-02 23:22:58,2026-01-02
The 2026 stock market is looking a lot like the bifurcated market of 2025,Finance,2026-01-02 18:13:44,2026-01-02
Ken Griffin’s flagship hedge fund at Citadel rises 10.2% in volatile 2025,Finance,2026-01-02 17:45:39,2026-01-02
Will he stay or will he go? Powell is not saying whether he'll stay on Fed board when chair term ends,Finance,2026-01-02 14:18:15,2026-01-02
Buffett says Berkshire has the best odds of any company for lasting 100 more years as he hands over reins,Finance,2026-01-02 14:16:55,2026-01-02
Brent Crude Oil Falls on Friday - TradingView — Track All Markets,TradingView — Track All Markets,2026-01-02 13:46:26,2026-01-02
Oil rises on geopolitics after largest annual drop since 2020 - Montel News,Montel News,2026-01-02 07:43:47,2026-01-02
Oil supply may see price cuts as New Year begins - dzrh.com.ph,dzrh.com.ph,2026-01-02 04:49:33,2026-01-02
Oil prices record steepest annual fall since Covid pandemic - The Guardian,The Guardian,2026-01-01 08:00:00,2026-01-01
Brent Crude Oil Prices: Oil slips as Brent heads for longest stretch of annual losses in 2025 - ET EnergyWorld,ET EnergyWorld,2025-12-31 08:00:00,2025-12-31
Oil prices fall 20% in 2025 as global surplus pressures markets - World Oil,World Oil,2025-12-31 08:00:00,2025-12-31
Oil prices log steepest annual drop since 2020 - Reuters,Reuters,2025-12-31 08:00:00,2025-12-31
"Oil Prices Edger Higher on Geopolitics and Supply Concerns, Bulls Remain Cautious. - marketpulse.com",marketpulse.com,2025-12-30 19:10:00,2025-12-30
China’s property woes could last until 2030,Finance & economics,2025-12-30 13:48:47,2025-12-30
"RedBird, a small firm doing big media deals",Finance & economics,2025-12-30 13:48:47,2025-12-30
America’s economy looks set to accelerate,Finance & economics,2025-12-30 13:48:47,2025-12-30
Investors head into 2026 remarkably optimistic,Finance & economics,2025-12-30 13:48:47,2025-12-30
Forget affordability. Europe has an availability crisis,Finance & economics,2025-12-30 11:42:29,2025-12-30
Oil Holds Gain as Traders Weigh Geopolitics Against Inventories - Energy Connects,Energy Connects,2025-12-30 08:10:50,2025-12-30
Oil holds gains amid traders gauge geopolitics against inventories - CNBC TV18,CNBC TV18,2025-12-30 08:00:00,2025-12-30
Oil Holds Gain As Traders Weigh Geopolitics Against Inventories - NDTV Profit,NDTV Profit,2025-12-30 08:00:00,2025-12-30
US oil inventories surprise higher as geopolitics keeps crude supported - investingLive,investingLive,2025-12-29 22:22:00,2025-12-29
Saudi Arabia Set to Lower Oil Prices to Asia Again - Crude Oil Prices Today | OilPrice.com,Crude Oil Prices Today | OilPrice.com,2025-12-29 08:00:00,2025-12-29
India’s Oil Basket: How Geopolitics Reshaped Crude Imports - Vajiram & Ravi,Vajiram & Ravi,2025-12-29 08:00:00,2025-12-29
Oil News: Geopolitics Lift Crude Oil Futures as Traders Reassess the Oil Outlook - FXEmpire,FXEmpire,2025-12-29 08:00:00,2025-12-29
Peak oil: Why the world can't break its fossil fuel habit - DW.com,DW.com,2025-12-27 08:00:00,2025-12-27
Why China Is Driving Short-Term Oil Prices But OPEC Still Holds the Lever - Crude Oil Prices Today | OilPrice.com,Crude Oil Prices Today | OilPrice.com,2025-12-27 08:00:00,2025-12-27
"Listen. Geopolitics, demand slowdown, and imports: How 2025 tested India’s oil and gas sector - BusinessLine",BusinessLine,2025-12-27 08:00:00,2025-12-27
Brent Crude Oil Futures Drop 1.72% to Close at $60.70 Per Barrel - scanx.trade,scanx.trade,2025-12-26 08:00:00,2025-12-26
Oil drops again but OPEC’s market share war could create a generational buying opportunity - investingLive,investingLive,2025-12-26 08:00:00,2025-12-26
"Crude oil gains on supply-risk concerns, US rig count weakness - ET EnergyWorld",ET EnergyWorld,2025-12-26 08:00:00,2025-12-26
Oil Prices Set for Largest Weekly Gain in Three Months - Crude Oil Prices Today | OilPrice.com,Crude Oil Prices Today | OilPrice.com,2025-12-26 08:00:00,2025-12-26
Oil Prices Climb Despite Oversupply Fears - Crude Oil Prices Today | OilPrice.com,Crude Oil Prices Today | OilPrice.com,2025-12-24 08:00:00,2025-12-24
"Oil Holds Five-Day Gain With Geopolitics, Inventories In Focus - NDTV Profit",NDTV Profit,2025-12-24 08:00:00,2025-12-24
Why fewer Americans are giving than before,Finance & economics,2025-12-23 11:45:05,2025-12-23
China overtakes OPEC+ as the main oil price maker - Reuters,Reuters,2025-12-23 08:00:00,2025-12-23
Geopolitics Gives Oil a Late-Year Lift - Crude Oil Prices Today | OilPrice.com,Crude Oil Prices Today | OilPrice.com,2025-12-23 08:00:00,2025-12-23
Oil Glut Will Prompt Faster Market Rebalance - Crude Oil Prices Today | OilPrice.com,Crude Oil Prices Today | OilPrice.com,2025-12-22 08:00:00,2025-12-22
Africa Needs $100 Billion in Refining Investment as Oil Demand Soars - Crude Oil Prices Today | OilPrice.com,Crude Oil Prices Today | OilPrice.com,2025-12-22 08:00:00,2025-12-22
Could Geopolitics Gatecrash The Bearish Oil Market - Crude Oil Prices Today | OilPrice.com,Crude Oil Prices Today | OilPrice.com,2025-12-22 08:00:00,2025-12-22
Brent Crude Oil Rises Toward $62 - TradingView — Track All Markets,TradingView — Track All Markets,2025-12-22 08:00:00,2025-12-22
Brent crude oil extends its strong gains- Analysis- 22-12-2025 - Economies.com,Economies.com,2025-12-22 08:00:00,2025-12-22
The five biggest market developments of 2025,Finance & economics,2025-12-21 13:18:27,2025-12-21
How to interpret the pain at the edge of America’s labour market,Finance & economics,2025-12-21 13:03:31,2025-12-21
THE TRADE KING(@Square-Creator-952bc9bd6153a)'s insights - Binance,Binance,2025-12-21 11:21:55,2025-12-21
The EIA Thinks OPEC Can Pump More Than Anyone Expected - Crude Oil Prices Today | OilPrice.com,Crude Oil Prices Today | OilPrice.com,2025-12-21 08:00:00,2025-12-21
Same Gul(@same_gul)'s insights - Binance,Binance,2025-12-21 08:00:00,2025-12-21
Muhammed Bilal Mushtaq(@Square-Creator-053bff49e30c)'s insights - Binance,Binance,2025-12-21 08:00:00,2025-12-21
CryptoLume(@Square-Creator-ce440a8941f8f)'s insights - Binance,Binance,2025-12-20 08:00:00,2025-12-20
CoinQX(@Cryptoalphatrader)'s insights - Binance,Binance,2025-12-20 08:00:00,2025-12-20
India Emerges As Key Driver Of Global Oil Demand As Peak Shifts Beyond 2030 - BW Businessworld,BW Businessworld,2025-12-20 08:00:00,2025-12-20
"Natural Gas, WTI Oil, Brent Oil Forecasts – Oil Markets Gain Some Ground As Traders Focus On Geopolitics - FXEmpire",FXEmpire,2025-12-19 08:00:00,2025-12-19
China's Oil Demand Is Set to Peak by 2030 - Crude Oil Prices Today | OilPrice.com,Crude Oil Prices Today | OilPrice.com,2025-12-19 08:00:00,2025-12-19
Nation to hit oil demand peak by 2030 - China Daily,China Daily,2025-12-19 08:00:00,2025-12-19
Oil Markets Stay Under Pressure as Supply Fears Eclipse Geopolitics - Investing.com India,Investing.com India,2025-12-19 08:00:00,2025-12-19
EIA updates its definitions and estimates of OPEC crude oil production capacity - U.S. Energy Information Administration (EIA) (.gov),U.S. Energy Information Administration (EIA) (.gov),2025-12-19 08:00:00,2025-12-19
Oil Prices Slide as Oversupply Fears Tighten Their Grip on Markets - Crude Oil Prices Today | OilPrice.com,Crude Oil Prices Today | OilPrice.com,2025-12-19 08:00:00,2025-12-19
Watch who you’re calling childless,Finance & economics,2025-12-18 10:42:36,2025-12-18
Meet the American investors rushing into Congo,Finance & economics,2025-12-18 10:40:59,2025-12-18
The World Is Awash With Oil and Prices Are Poised to Keep Falling - Bloomberg.com,Bloomberg.com,2025-12-18 08:00:00,2025-12-18
Forecast update for Brent crude oil -18-12-2025 - Economies.com,Economies.com,2025-12-18 08:00:00,2025-12-18
Global Oil Demand Surges Driven by Indian Market Rebound - Crude Oil Prices Today | OilPrice.com,Crude Oil Prices Today | OilPrice.com,2025-12-18 08:00:00,2025-12-18
"This Christmas, raise a glass to concentrated market returns",Finance & economics,2025-12-17 19:14:48,2025-12-17
Improving demand and stalling supply growth are likely to push oil prices higher - UBS,UBS,2025-12-17 08:00:00,2025-12-17
"Oil market straddles geopolitics, EV shift; WTI seen at $54-57 in Q1 2026 - Business Standard",Business Standard,2025-12-17 08:00:00,2025-12-17
Forecast update for Brent crude oil -17-12-2025 - Economies.com,Economies.com,2025-12-17 08:00:00,2025-12-17
Crude oil prices rebound 1.5% but trade below $60 per barrel: Where is it headed in near term? - Mint,Mint,2025-12-17 08:00:00,2025-12-17
Where America’s most prominent short-sellers are placing their bets,Finance & economics,2025-12-16 18:44:59,2025-12-16
Outlook 2026: The next oil shock – From peak demand mirage to structural tightness - Petroleum Economist,Petroleum Economist,2025-12-16 15:14:17,2025-12-16
Oil: Brent Crude falls below $60 for first time in over seven months – Commerzbank - FXStreet,FXStreet,2025-12-16 08:00:00,2025-12-16
Oil markets are done with geopolitics - Troy Media,Troy Media,2025-12-16 08:00:00,2025-12-16
Oil Slides as Supply Risks Overtake Geopolitics - Investing.com India,Investing.com India,2025-12-16 08:00:00,2025-12-16
Venezuela's Falling Crude Supply Won't Budge Global Oil Market - Crude Oil Prices Today | OilPrice.com,Crude Oil Prices Today | OilPrice.com,2025-12-16 08:00:00,2025-12-16
Brent crude falls below $60 as global surplus pressures prices - World Oil,World Oil,2025-12-16 08:00:00,2025-12-16
"Peace talks, sanctions drive Brent crude below $60/bbl for the first time in 7 months By Invezz - Investing.com India",Investing.com India,2025-12-16 08:00:00,2025-12-16
Brent Crude Slides on Peace Talk Optimism and Demand Concerns - Investing.com,Investing.com,2025-12-16 08:00:00,2025-12-16
Brent Breaks Below $60 on Oversupply Fears - Crude Oil Prices Today | OilPrice.com,Crude Oil Prices Today | OilPrice.com,2025-12-16 08:00:00,2025-12-16
Oil Prices Tumble to Lowest Levels Since 2021. Here Are the Big Concerns. - Barron's,Barron's,2025-12-16 08:00:00,2025-12-16
Oil prices dip on weak supply outlook;Brent set for sustained break below $60/bbl? - Investing.com India,Investing.com India,2025-12-16 08:00:00,2025-12-16
Brent Oil Prices Fall Below $60 on Ukraine Peace Deal Progress - Crude Oil Prices Today | OilPrice.com,Crude Oil Prices Today | OilPrice.com,2025-12-16 08:00:00,2025-12-16
Crypto’s real threat to banks,Finance & economics,2025-12-15 19:44:49,2025-12-15
Oil Prices Slip as Ukraine Peace Talks Progress and China's Economy Stalls - Crude Oil Prices Today | OilPrice.com,Crude Oil Prices Today | OilPrice.com,2025-12-15 08:00:00,2025-12-15
"Geopolitics Weekly (Thai-Cambodia Conflict, Venezuela Oil Tanker, Ukraine NATO) - Geopolitical Monitor",Geopolitical Monitor,2025-12-15 08:00:00,2025-12-15
IEA raises prediction for global oil demand in 2026 - Semafor,Semafor,2025-12-15 08:00:00,2025-12-15
Crude oil outlook: WTI seen at $55-60 as Asian demand offsets rising supply - Business Standard,Business Standard,2025-12-12 08:00:00,2025-12-12
Will Brent crude oil prices crash to $50 a barrel mark in 2026? - Business Standard,Business Standard,2025-12-12 08:00:00,2025-12-12
Oversupply Drags WTI Below $58 as Global Oil Glut Deepens - Crude Oil Prices Today | OilPrice.com,Crude Oil Prices Today | OilPrice.com,2025-12-12 08:00:00,2025-12-12
Germany has a lawyer problem,Finance & economics,2025-12-11 11:14:59,2025-12-11
What a stiff drink says about China’s economy,Finance & economics,2025-12-11 11:12:31,2025-12-11
America’s bond market is quiet—almost too quiet,Finance & economics,2025-12-11 11:10:02,2025-12-11
Wall Street is drooling over bank mergers,Finance & economics,2025-12-11 11:07:13,2025-12-11
"OPEC data indicate close oil supply-demand balance in 2026, no glut - Reuters",Reuters,2025-12-11 08:00:00,2025-12-11
"OPEC Keeps 2025, 2026 Demand Projections Unchanged for Eighth Month - Egypt Oil & Gas",Egypt Oil & Gas,2025-12-11 08:00:00,2025-12-11
OPEC Holds Firm on Bullish Oil Demand Outlook for 2026 - Crude Oil Prices Today | OilPrice.com,Crude Oil Prices Today | OilPrice.com,2025-12-11 08:00:00,2025-12-11
OPEC Data Point to Balanced Global Oil Market in 2026 - Bloomberg.com,Bloomberg.com,2025-12-11 08:00:00,2025-12-11
Oil Prices Drop 2% Despite Wave of Bullish News - Crude Oil Prices Today | OilPrice.com,Crude Oil Prices Today | OilPrice.com,2025-12-11 08:00:00,2025-12-11
IEA lowers 2026 oil glut forecast for first time since May - Reuters,Reuters,2025-12-11 08:00:00,2025-12-11
IEA Cuts Forecast of Record Oil Glut for 1st Time Since May - Rigzone,Rigzone,2025-12-11 08:00:00,2025-12-11
IEA Trims Oil Glut Forecast as Supply Surge Halts - Crude Oil Prices Today | OilPrice.com,Crude Oil Prices Today | OilPrice.com,2025-12-11 08:00:00,2025-12-11
Global oil supply drops in November; IEA cuts surplus estimates amid stronger demand - Seeking Alpha,Seeking Alpha,2025-12-11 08:00:00,2025-12-11
Asia’s inexpensive AI stocks should worry American investors,Finance & economics,2025-12-10 19:18:39,2025-12-10
"AI Becomes a Boost for Global Oil Demand, Not a Bridge to Net Zero - Crude Oil Prices Today | OilPrice.com",Crude Oil Prices Today | OilPrice.com,2025-12-10 08:00:00,2025-12-10
From Geopolitics to Geoeconomics: Trincomalee’s Transition and India-Sri Lanka Relations - orfonline.org,orfonline.org,2025-12-09 08:00:00,2025-12-09
Crude oils uneasy path toward 2030 and the opportunities it presents - home.saxo,home.saxo,2025-12-09 08:00:00,2025-12-09
Oil Prices Are Set to Fall Below $60 Next Year - Crude Oil Prices Today | OilPrice.com,Crude Oil Prices Today | OilPrice.com,2025-12-08 08:00:00,2025-12-08
"Bearish oil outlook, but upside risks abound - ING THINK economic and financial analysis | ING Think",ING THINK economic and financial analysis | ING Think,2025-12-08 08:00:00,2025-12-08
"Oil falls 2% as Iraqi oilfield production restored, Ukraine talks continue - Reuters",Reuters,2025-12-08 08:00:00,2025-12-08
Which economy did best in 2025?,Finance & economics,2025-12-07 15:34:39,2025-12-07
Platts Dated Brent Price Assessment - S&P Global,S&P Global,2025-12-06 23:14:54,2025-12-06
"Oil Market Climbs on Federal Reserve Rate-Cut Signals, Supply Concerns - Business Post Nigeria",Business Post Nigeria,2025-12-06 08:00:00,2025-12-06
"Oil climbs to 2-week high on Fed rate-cut signals, supply concerns - The Business Times",The Business Times,2025-12-06 08:00:00,2025-12-06
Drop in oil prices amid OPEC decision & US-Ukraine distance - News On AIR,News On AIR,2025-12-05 10:49:35,2025-12-05
"Oil climbs to 2-week high on Fed rate-cut signals, supply concerns - Reuters",Reuters,2025-12-05 08:00:00,2025-12-05
India to account for over 40% of global oil demand growth by 2035 – Govt shares estimates in Parliament - The Financial Express,The Financial Express,2025-12-05 08:00:00,2025-12-05
Saudi Arabia cuts January oil prices to Asia to five-year low - News On AIR,News On AIR,2025-12-05 08:00:00,2025-12-05
Oil Markets on Edge as Geopolitical Risk Counters Weak Fundamentals - Crude Oil Prices Today | OilPrice.com,Crude Oil Prices Today | OilPrice.com,2025-12-05 08:00:00,2025-12-05
"Oil stuck in tug-of-war between supply glut and geopolitics, says analyst - Business Standard",Business Standard,2025-12-05 08:00:00,2025-12-05
"OPEC’s Oil Production Remained Steady Last Month, Survey Shows - Bloomberg.com",Bloomberg.com,2025-12-05 08:00:00,2025-12-05
AI misinformation may have paradoxical consequences,Finance & economics,2025-12-04 10:25:14,2025-12-04
Can golden toilets fix China’s economy?,Finance & economics,2025-12-04 10:24:50,2025-12-04
Bitcoin has plunged. Strategy Inc is an early victim,Finance & economics,2025-12-04 10:24:41,2025-12-04
American sanctions are putting Russia under pressure,Finance & economics,2025-12-04 10:24:26,2025-12-04
"Crude oil prices extend gains; Brent hits $63, WTI nears $60 after Ukraine strike on Russian oil pipeline - Mint",Mint,2025-12-04 08:00:00,2025-12-04
"OPEC oil output slips in November despite agreed hike, survey finds - Reuters",Reuters,2025-12-04 08:00:00,2025-12-04
India-Russia: Why Putin and Modi are meeting in Delhi - BBC,BBC,2025-12-04 08:00:00,2025-12-04
"Oil settles up on expectations of Fed rate cut, Ukraine peace talks stalling - Reuters",Reuters,2025-12-04 08:00:00,2025-12-04
Stockholm is Europe’s new capital of capital,Finance & economics,2025-12-03 20:06:58,2025-12-03
Which Kevin Hassett would lead the Federal Reserve?,Finance & economics,2025-12-03 19:26:16,2025-12-03
"Crude oil outlook: $57-61 range likely, geopolitical flare-ups may test $62 - Business Standard",Business Standard,2025-12-03 08:00:00,2025-12-03
Why oil producers are adding to the global supply glut despite low crude prices - MarketWatch,MarketWatch,2025-12-03 08:00:00,2025-12-03
Oil’s resilience in the energy system - Wood Mackenzie,Wood Mackenzie,2025-12-03 08:00:00,2025-12-03
China's Oil Demand to Remain Weak Until At Least Mid-2026 - Crude Oil Prices Today | OilPrice.com,Crude Oil Prices Today | OilPrice.com,2025-12-03 08:00:00,2025-12-03
OPEC+ Oil Quotas and Geopolitics - S&P Global,S&P Global,2025-12-03 05:02:35,2025-12-03
"OPEC+ members to undergo annual oil capacity audit under new plan, sources say - Reuters",Reuters,2025-12-02 08:00:00,2025-12-02
OPEC+ to spark spending race with new oil quota system - Reuters,Reuters,2025-12-02 08:00:00,2025-12-02
Why OPEC plans to keep oil production flat to start 2026 - marketplace.org,marketplace.org,2025-12-02 08:00:00,2025-12-02
Oil futures: Crude edges down but amid geopolitics and glut concerns - Quantum Commodity Intelligence,Quantum Commodity Intelligence,2025-12-02 08:00:00,2025-12-02
How to spot a bubble bursting,Finance & economics,2025-12-01 19:49:24,2025-12-01
Venezuela calls on OPEC to counter US threats - Al Jazeera,Al Jazeera,2025-12-01 08:00:00,2025-12-01
There's a glut of oil. Here's why - marketplace.org,marketplace.org,2025-12-01 08:00:00,2025-12-01
"Oil climbs over $1 a barrel on OPEC action, Ukraine attack - Reuters",Reuters,2025-12-01 08:00:00,2025-12-01
Why worries about American job losses are overstated,Finance & economics,2025-11-30 15:27:52,2025-11-30
"OPEC+ holds oil output steady, agrees capacity mechanism - Reuters",Reuters,2025-11-30 08:00:00,2025-11-30
"Oil climbs more than 1% on OPEC action, Ukraine attack - CNBC",CNBC,2025-11-30 08:00:00,2025-11-30
Global Crude Oil Prices Fall Amid Russia-Ukraine Talks and Supply Concerns - News On AIR,News On AIR,2025-11-29 08:00:00,2025-11-29
OPEC unlikely to change oil output strategy as it seeks larger share of market - The Arab Weekly,The Arab Weekly,2025-11-29 08:00:00,2025-11-29
"Brent crude prices hold steady, WTI trading resumes - ET EnergyWorld",ET EnergyWorld,2025-11-28 08:00:00,2025-11-28
"Brent Oil Price Stable, WTI Up 1% After Trade Resumes - Energy Intelligence",Energy Intelligence,2025-11-28 08:00:00,2025-11-28
Crude Oil Prices: Past Trends and What the Future May Hold - EBC Financial Group,EBC Financial Group,2025-11-28 08:00:00,2025-11-28
Self-driving cars will transform urban economies,Finance & economics,2025-11-27 11:41:03,2025-11-27
China’s property market is (somehow) worsening,Finance & economics,2025-11-27 11:37:22,2025-11-27
Narendra Modi plans to free up India’s giant labour force,Finance & economics,2025-11-27 11:14:11,2025-11-27
One weird trick to solve the affordability crisis,Finance & economics,2025-11-27 10:47:18,2025-11-27
How to short the bubbliest firms,Finance & economics,2025-11-26 21:30:35,2025-11-26
Investors expect AI use to soar. That’s not happening,Finance & economics,2025-11-26 16:30:42,2025-11-26
Crude oil outlook: Brent could break $60 barrier - FOREX.com,FOREX.com,2025-11-26 08:00:00,2025-11-26
JP Morgan Predicts Crude Oil Prices May Fall to $30 by FY27-End - India News Network,India News Network,2025-11-26 08:00:00,2025-11-26
"Crude oil prices could fall into the $30s by FY27-end, says JP Morgan. Here’s why - The Economic Times",The Economic Times,2025-11-25 08:00:00,2025-11-25
"Brent crude oil price at $30? Possible in 2027 as outlook worsens, says JPMorgan - Business Today",Business Today,2025-11-25 08:00:00,2025-11-25
"Brent crude oil price at $30? Possible in 2027 as outlook worsens, says JPMorgan - MSN",MSN,2025-11-25 07:41:50,2025-11-25
Why investors are increasingly fatalistic,Finance & economics,2025-11-23 12:19:52,2025-11-23
Global oil prices under pressure: What’s driving the decline and what lies ahead - The Economic Times,The Economic Times,2025-11-23 08:00:00,2025-11-23
The New Geopolitics of Energy between Petrostates and Electrostates | What Should Japan and Korea Do? - CIRSD - Center for International Relations and Sustainable Development,CIRSD - Center for International Relations and Sustainable Development,2025-11-23 02:34:39,2025-11-23
Oil Prices Sink 2.6% After Zelenskyy Agrees to Work on Peace Deal - Crude Oil Prices Today | OilPrice.com,Crude Oil Prices Today | OilPrice.com,2025-11-21 08:00:00,2025-11-21
Visa restrictions are bad for Indians—but maybe not for India,Finance & economics,2025-11-20 11:24:54,2025-11-20
Economists get cold feet about high minimum wages,Finance & economics,2025-11-20 11:24:47,2025-11-20
Can the Chinese economy match Aruba’s?,Finance & economics,2025-11-20 11:24:05,2025-11-20
America’s huge mortgage market is slowly dying,Finance & economics,2025-11-19 19:46:56,2025-11-19
Global Oil Demand Surged in September - Crude Oil Prices Today | OilPrice.com,Crude Oil Prices Today | OilPrice.com,2025-11-19 08:00:00,2025-11-19
Crypto got everything it wanted. Now it’s sinking,Finance & economics,2025-11-18 21:57:29,2025-11-18
"OPEC Chief Accuses Media of ""Misrepresenting"" 2026 Oil Outlook - Crude Oil Prices Today | OilPrice.com",Crude Oil Prices Today | OilPrice.com,2025-11-18 08:00:00,2025-11-18
Goldman Sachs Oil Prices To Drop to $53 In 2026 - Crude Oil Prices Today | OilPrice.com,Crude Oil Prices Today | OilPrice.com,2025-11-18 08:00:00,2025-11-18
Is this the end of the scorching gold rally?,Finance & economics,2025-11-16 15:15:18,2025-11-16
